eta,DeltaE_eV,NLL
0.01,0.001,0.7101046303175201
0.01,0.0012742749857031334,0.7101046303175201
0.01,0.001623776739188721,0.7101046303175201
0.01,0.00206913808111479,0.7101046303175201
0.01,0.0026366508987303583,0.7101046303175201
0.01,0.003359818286283781,0.7101046303175201
0.01,0.004281332398719396,0.7101046303175201
0.01,0.00545559478116852,0.7101046303175201
0.01,0.0069519279617756054,0.7101046303175201
0.01,0.008858667904100823,0.7101046303175201
0.01,0.011288378916846888,0.7101046303175201
0.01,0.01438449888287663,0.7101046303175201
0.01,0.018329807108324356,0.7101046303175201
0.01,0.023357214690901212,0.7101046303175201
0.01,0.029763514416313176,0.7101046303175201
0.01,0.0379269019073225,0.7101046303175201
0.01,0.04832930238571752,0.7101046303175201
0.01,0.06158482110660261,0.7101046303175201
0.01,0.07847599703514611,0.7101046303175201
0.01,0.1,0.7101046303175201
0.01268961003167922,0.001,0.7101229747005595
0.01268961003167922,0.0012742749857031334,0.7101229747005595
0.01268961003167922,0.001623776739188721,0.7101229747005595
0.01268961003167922,0.00206913808111479,0.7101229747005595
0.01268961003167922,0.0026366508987303583,0.7101229747005595
0.01268961003167922,0.003359818286283781,0.7101229747005595
0.01268961003167922,0.004281332398719396,0.7101229747005595
0.01268961003167922,0.00545559478116852,0.7101229747005595
0.01268961003167922,0.0069519279617756054,0.7101229747005595
0.01268961003167922,0.008858667904100823,0.7101229747005595
0.01268961003167922,0.011288378916846888,0.7101229747005595
0.01268961003167922,0.01438449888287663,0.7101229747005595
0.01268961003167922,0.018329807108324356,0.7101229747005595
0.01268961003167922,0.023357214690901212,0.7101229747005595
0.01268961003167922,0.029763514416313176,0.7101229747005595
0.01268961003167922,0.0379269019073225,0.7101229747005595
0.01268961003167922,0.04832930238571752,0.7101229747005595
0.01268961003167922,0.06158482110660261,0.7101229747005595
0.01268961003167922,0.07847599703514611,0.7101229747005595
0.01268961003167922,0.1,0.7101229747005595
0.01610262027560939,0.001,0.7101462546258361
0.01610262027560939,0.0012742749857031334,0.7101462546258361
0.01610262027560939,0.001623776739188721,0.7101462546258361
0.01610262027560939,0.00206913808111479,0.7101462546258361
0.01610262027560939,0.0026366508987303583,0.7101462546258361
0.01610262027560939,0.003359818286283781,0.7101462546258361
0.01610262027560939,0.004281332398719396,0.7101462546258361
0.01610262027560939,0.00545559478116852,0.7101462546258361
0.01610262027560939,0.0069519279617756054,0.7101462546258361
0.01610262027560939,0.008858667904100823,0.7101462546258361
0.01610262027560939,0.011288378916846888,0.7101462546258361
0.01610262027560939,0.01438449888287663,0.7101462546258361
0.01610262027560939,0.018329807108324356,0.7101462546258361
0.01610262027560939,0.023357214690901212,0.7101462546258361
0.01610262027560939,0.029763514416313176,0.7101462546258361
0.01610262027560939,0.0379269019073225,0.7101462546258361
0.01610262027560939,0.04832930238571752,0.7101462546258361
0.01610262027560939,0.06158482110660261,0.7101462546258361
0.01610262027560939,0.07847599703514611,0.7101462546258361
0.01610262027560939,0.1,0.7101462546258361
0.020433597178569417,0.001,0.7101757985496707
0.020433597178569417,0.0012742749857031334,0.7101757985496707
0.020433597178569417,0.001623776739188721,0.7101757985496707
0.020433597178569417,0.00206913808111479,0.7101757985496707
0.020433597178569417,0.0026366508987303583,0.7101757985496707
0.020433597178569417,0.003359818286283781,0.7101757985496707
0.020433597178569417,0.004281332398719396,0.7101757985496707
0.020433597178569417,0.00545559478116852,0.7101757985496707
0.020433597178569417,0.0069519279617756054,0.7101757985496707
0.020433597178569417,0.008858667904100823,0.7101757985496707
0.020433597178569417,0.011288378916846888,0.7101757985496707
0.020433597178569417,0.01438449888287663,0.7101757985496707
0.020433597178569417,0.018329807108324356,0.7101757985496707
0.020433597178569417,0.023357214690901212,0.7101757985496707
0.020433597178569417,0.029763514416313176,0.7101757985496707
0.020433597178569417,0.0379269019073225,0.7101757985496707
0.020433597178569417,0.04832930238571752,0.7101757985496707
0.020433597178569417,0.06158482110660261,0.7101757985496707
0.020433597178569417,0.07847599703514611,0.7101757985496707
0.020433597178569417,0.1,0.7101757985496707
0.02592943797404667,0.001,0.710213292834408
0.02592943797404667,0.0012742749857031334,0.710213292834408
0.02592943797404667,0.001623776739188721,0.710213292834408
0.02592943797404667,0.00206913808111479,0.710213292834408
0.02592943797404667,0.0026366508987303583,0.710213292834408
0.02592943797404667,0.003359818286283781,0.710213292834408
0.02592943797404667,0.004281332398719396,0.710213292834408
0.02592943797404667,0.00545559478116852,0.710213292834408
0.02592943797404667,0.0069519279617756054,0.710213292834408
0.02592943797404667,0.008858667904100823,0.710213292834408
0.02592943797404667,0.011288378916846888,0.710213292834408
0.02592943797404667,0.01438449888287663,0.710213292834408
0.02592943797404667,0.018329807108324356,0.710213292834408
0.02592943797404667,0.023357214690901212,0.710213292834408
0.02592943797404667,0.029763514416313176,0.710213292834408
0.02592943797404667,0.0379269019073225,0.710213292834408
0.02592943797404667,0.04832930238571752,0.710213292834408
0.02592943797404667,0.06158482110660261,0.710213292834408
0.02592943797404667,0.07847599703514611,0.710213292834408
0.02592943797404667,0.1,0.710213292834408
0.03290344562312668,0.001,0.7102608783794084
0.03290344562312668,0.0012742749857031334,0.7102608783794084
0.03290344562312668,0.001623776739188721,0.7102608783794084
0.03290344562312668,0.00206913808111479,0.7102608783794084
0.03290344562312668,0.0026366508987303583,0.7102608783794084
0.03290344562312668,0.003359818286283781,0.7102608783794084
0.03290344562312668,0.004281332398719396,0.7102608783794084
0.03290344562312668,0.00545559478116852,0.7102608783794084
0.03290344562312668,0.0069519279617756054,0.7102608783794084
0.03290344562312668,0.008858667904100823,0.7102608783794084
0.03290344562312668,0.011288378916846888,0.7102608783794084
0.03290344562312668,0.01438449888287663,0.7102608783794084
0.03290344562312668,0.018329807108324356,0.7102608783794084
0.03290344562312668,0.023357214690901212,0.7102608783794084
0.03290344562312668,0.029763514416313176,0.7102608783794084
0.03290344562312668,0.0379269019073225,0.7102608783794084
0.03290344562312668,0.04832930238571752,0.7102608783794084
0.03290344562312668,0.06158482110660261,0.7102608783794084
0.03290344562312668,0.07847599703514611,0.7102608783794084
0.03290344562312668,0.1,0.7102608783794084
0.041753189365604,0.001,0.7103212734669234
0.041753189365604,0.0012742749857031334,0.7103212734669234
0.041753189365604,0.001623776739188721,0.7103212734669234
0.041753189365604,0.00206913808111479,0.7103212734669234
0.041753189365604,0.0026366508987303583,0.7103212734669234
0.041753189365604,0.003359818286283781,0.7103212734669234
0.041753189365604,0.004281332398719396,0.7103212734669234
0.041753189365604,0.00545559478116852,0.7103212734669234
0.041753189365604,0.0069519279617756054,0.7103212734669234
0.041753189365604,0.008858667904100823,0.7103212734669234
0.041753189365604,0.011288378916846888,0.7103212734669234
0.041753189365604,0.01438449888287663,0.7103212734669234
0.041753189365604,0.018329807108324356,0.7103212734669234
0.041753189365604,0.023357214690901212,0.7103212734669234
0.041753189365604,0.029763514416313176,0.7103212734669234
0.041753189365604,0.0379269019073225,0.7103212734669234
0.041753189365604,0.04832930238571752,0.7103212734669234
0.041753189365604,0.06158482110660261,0.7103212734669234
0.041753189365604,0.07847599703514611,0.7103212734669234
0.041753189365604,0.1,0.7103212734669234
0.05298316906283707,0.001,0.7103979300111034
0.05298316906283707,0.0012742749857031334,0.7103979300111034
0.05298316906283707,0.001623776739188721,0.7103979300111034
0.05298316906283707,0.00206913808111479,0.7103979300111034
0.05298316906283707,0.0026366508987303583,0.7103979300111034
0.05298316906283707,0.003359818286283781,0.7103979300111034
0.05298316906283707,0.004281332398719396,0.7103979300111034
0.05298316906283707,0.00545559478116852,0.7103979300111034
0.05298316906283707,0.0069519279617756054,0.7103979300111034
0.05298316906283707,0.008858667904100823,0.7103979300111034
0.05298316906283707,0.011288378916846888,0.7103979300111034
0.05298316906283707,0.01438449888287663,0.7103979300111034
0.05298316906283707,0.018329807108324356,0.7103979300111034
0.05298316906283707,0.023357214690901212,0.7103979300111034
0.05298316906283707,0.029763514416313176,0.7103979300111034
0.05298316906283707,0.0379269019073225,0.7103979300111034
0.05298316906283707,0.04832930238571752,0.7103979300111034
0.05298316906283707,0.06158482110660261,0.7103979300111034
0.05298316906283707,0.07847599703514611,0.7103979300111034
0.05298316906283707,0.1,0.7103979300111034
0.06723357536499334,0.001,0.7104952324158521
0.06723357536499334,0.0012742749857031334,0.7104952324158521
0.06723357536499334,0.001623776739188721,0.7104952324158521
0.06723357536499334,0.00206913808111479,0.7104952324158521
0.06723357536499334,0.0026366508987303583,0.7104952324158521
0.06723357536499334,0.003359818286283781,0.7104952324158521
0.06723357536499334,0.004281332398719396,0.7104952324158521
0.06723357536499334,0.00545559478116852,0.7104952324158521
0.06723357536499334,0.0069519279617756054,0.7104952324158521
0.06723357536499334,0.008858667904100823,0.7104952324158521
0.06723357536499334,0.011288378916846888,0.7104952324158521
0.06723357536499334,0.01438449888287663,0.7104952324158521
0.06723357536499334,0.018329807108324356,0.7104952324158521
0.06723357536499334,0.023357214690901212,0.7104952324158521
0.06723357536499334,0.029763514416313176,0.7104952324158521
0.06723357536499334,0.0379269019073225,0.7104952324158521
0.06723357536499334,0.04832930238571752,0.7104952324158521
0.06723357536499334,0.06158482110660261,0.7104952324158521
0.06723357536499334,0.07847599703514611,0.7104952324158521
0.06723357536499334,0.1,0.7104952324158521
0.08531678524172806,0.001,0.7106187508588864
0.08531678524172806,0.0012742749857031334,0.7106187508588864
0.08531678524172806,0.001623776739188721,0.7106187508588864
0.08531678524172806,0.00206913808111479,0.7106187508588864
0.08531678524172806,0.0026366508987303583,0.7106187508588864
0.08531678524172806,0.003359818286283781,0.7106187508588864
0.08531678524172806,0.004281332398719396,0.7106187508588864
0.08531678524172806,0.00545559478116852,0.7106187508588864
0.08531678524172806,0.0069519279617756054,0.7106187508588864
0.08531678524172806,0.008858667904100823,0.7106187508588864
0.08531678524172806,0.011288378916846888,0.7106187508588864
0.08531678524172806,0.01438449888287663,0.7106187508588864
0.08531678524172806,0.018329807108324356,0.7106187508588864
0.08531678524172806,0.023357214690901212,0.7106187508588864
0.08531678524172806,0.029763514416313176,0.7106187508588864
0.08531678524172806,0.0379269019073225,0.7106187508588864
0.08531678524172806,0.04832930238571752,0.7106187508588864
0.08531678524172806,0.06158482110660261,0.7106187508588864
0.08531678524172806,0.07847599703514611,0.7106187508588864
0.08531678524172806,0.1,0.7106187508588864
0.10826367338740546,0.001,0.7107755642166883
0.10826367338740546,0.0012742749857031334,0.7107755642166883
0.10826367338740546,0.001623776739188721,0.7107755642166883
0.10826367338740546,0.00206913808111479,0.7107755642166883
0.10826367338740546,0.0026366508987303583,0.7107755642166883
0.10826367338740546,0.003359818286283781,0.7107755642166883
0.10826367338740546,0.004281332398719396,0.7107755642166883
0.10826367338740546,0.00545559478116852,0.7107755642166883
0.10826367338740546,0.0069519279617756054,0.7107755642166883
0.10826367338740546,0.008858667904100823,0.7107755642166883
0.10826367338740546,0.011288378916846888,0.7107755642166883
0.10826367338740546,0.01438449888287663,0.7107755642166883
0.10826367338740546,0.018329807108324356,0.7107755642166883
0.10826367338740546,0.023357214690901212,0.7107755642166883
0.10826367338740546,0.029763514416313176,0.7107755642166883
0.10826367338740546,0.0379269019073225,0.7107755642166883
0.10826367338740546,0.04832930238571752,0.7107755642166883
0.10826367338740546,0.06158482110660261,0.7107755642166883
0.10826367338740546,0.07847599703514611,0.7107755642166883
0.10826367338740546,0.1,0.7107755642166883
0.1373823795883263,0.001,0.710974672290672
0.1373823795883263,0.0012742749857031334,0.710974672290672
0.1373823795883263,0.001623776739188721,0.710974672290672
0.1373823795883263,0.00206913808111479,0.710974672290672
0.1373823795883263,0.0026366508987303583,0.710974672290672
0.1373823795883263,0.003359818286283781,0.710974672290672
0.1373823795883263,0.004281332398719396,0.710974672290672
0.1373823795883263,0.00545559478116852,0.710974672290672
0.1373823795883263,0.0069519279617756054,0.710974672290672
0.1373823795883263,0.008858667904100823,0.710974672290672
0.1373823795883263,0.011288378916846888,0.710974672290672
0.1373823795883263,0.01438449888287663,0.710974672290672
0.1373823795883263,0.018329807108324356,0.710974672290672
0.1373823795883263,0.023357214690901212,0.710974672290672
0.1373823795883263,0.029763514416313176,0.710974672290672
0.1373823795883263,0.0379269019073225,0.710974672290672
0.1373823795883263,0.04832930238571752,0.710974672290672
0.1373823795883263,0.06158482110660261,0.710974672290672
0.1373823795883263,0.07847599703514611,0.710974672290672
0.1373823795883263,0.1,0.710974672290672
0.17433288221999882,0.001,0.7112275228538808
0.17433288221999882,0.0012742749857031334,0.7112275228538808
0.17433288221999882,0.001623776739188721,0.7112275228538808
0.17433288221999882,0.00206913808111479,0.7112275228538808
0.17433288221999882,0.0026366508987303583,0.7112275228538808
0.17433288221999882,0.003359818286283781,0.7112275228538808
0.17433288221999882,0.004281332398719396,0.7112275228538808
0.17433288221999882,0.00545559478116852,0.7112275228538808
0.17433288221999882,0.0069519279617756054,0.7112275228538808
0.17433288221999882,0.008858667904100823,0.7112275228538808
0.17433288221999882,0.011288378916846888,0.7112275228538808
0.17433288221999882,0.01438449888287663,0.7112275228538808
0.17433288221999882,0.018329807108324356,0.7112275228538808
0.17433288221999882,0.023357214690901212,0.7112275228538808
0.17433288221999882,0.029763514416313176,0.7112275228538808
0.17433288221999882,0.0379269019073225,0.7112275228538808
0.17433288221999882,0.04832930238571752,0.7112275228538808
0.17433288221999882,0.06158482110660261,0.7112275228538808
0.17433288221999882,0.07847599703514611,0.7112275228538808
0.17433288221999882,0.1,0.7112275228538808
0.2212216291070449,0.001,0.7115486868249137
0.2212216291070449,0.0012742749857031334,0.7115486868249137
0.2212216291070449,0.001623776739188721,0.7115486868249137
0.2212216291070449,0.00206913808111479,0.7115486868249137
0.2212216291070449,0.0026366508987303583,0.7115486868249137
0.2212216291070449,0.003359818286283781,0.7115486868249137
0.2212216291070449,0.004281332398719396,0.7115486868249137
0.2212216291070449,0.00545559478116852,0.7115486868249137
0.2212216291070449,0.0069519279617756054,0.7115486868249137
0.2212216291070449,0.008858667904100823,0.7115486868249137
0.2212216291070449,0.011288378916846888,0.7115486868249137
0.2212216291070449,0.01438449888287663,0.7115486868249137
0.2212216291070449,0.018329807108324356,0.7115486868249137
0.2212216291070449,0.023357214690901212,0.7115486868249137
0.2212216291070449,0.029763514416313176,0.7115486868249137
0.2212216291070449,0.0379269019073225,0.7115486868249137
0.2212216291070449,0.04832930238571752,0.7115486868249137
0.2212216291070449,0.06158482110660261,0.7115486868249137
0.2212216291070449,0.07847599703514611,0.7115486868249137
0.2212216291070449,0.1,0.7115486868249137
0.2807216203941177,0.001,0.7119567253295223
0.2807216203941177,0.0012742749857031334,0.7119567253295223
0.2807216203941177,0.001623776739188721,0.7119567253295223
0.2807216203941177,0.00206913808111479,0.7119567253295223
0.2807216203941177,0.0026366508987303583,0.7119567253295223
0.2807216203941177,0.003359818286283781,0.7119567253295223
0.2807216203941177,0.004281332398719396,0.7119567253295223
0.2807216203941177,0.00545559478116852,0.7119567253295223
0.2807216203941177,0.0069519279617756054,0.7119567253295223
0.2807216203941177,0.008858667904100823,0.7119567253295223
0.2807216203941177,0.011288378916846888,0.7119567253295223
0.2807216203941177,0.01438449888287663,0.7119567253295223
0.2807216203941177,0.018329807108324356,0.7119567253295223
0.2807216203941177,0.023357214690901212,0.7119567253295223
0.2807216203941177,0.029763514416313176,0.7119567253295223
0.2807216203941177,0.0379269019073225,0.7119567253295223
0.2807216203941177,0.04832930238571752,0.7119567253295223
0.2807216203941177,0.06158482110660261,0.7119567253295223
0.2807216203941177,0.07847599703514611,0.7119567253295223
0.2807216203941177,0.1,0.7119567253295223
0.3562247890262442,0.001,0.7124753066051684
0.3562247890262442,0.0012742749857031334,0.7124753066051684
0.3562247890262442,0.001623776739188721,0.7124753066051684
0.3562247890262442,0.00206913808111479,0.7124753066051684
0.3562247890262442,0.0026366508987303583,0.7124753066051684
0.3562247890262442,0.003359818286283781,0.7124753066051684
0.3562247890262442,0.004281332398719396,0.7124753066051684
0.3562247890262442,0.00545559478116852,0.7124753066051684
0.3562247890262442,0.0069519279617756054,0.7124753066051684
0.3562247890262442,0.008858667904100823,0.7124753066051684
0.3562247890262442,0.011288378916846888,0.7124753066051684
0.3562247890262442,0.01438449888287663,0.7124753066051684
0.3562247890262442,0.018329807108324356,0.7124753066051684
0.3562247890262442,0.023357214690901212,0.7124753066051684
0.3562247890262442,0.029763514416313176,0.7124753066051684
0.3562247890262442,0.0379269019073225,0.7124753066051684
0.3562247890262442,0.04832930238571752,0.7124753066051684
0.3562247890262442,0.06158482110660261,0.7124753066051684
0.3562247890262442,0.07847599703514611,0.7124753066051684
0.3562247890262442,0.1,0.7124753066051684
0.4520353656360243,0.001,0.7131346502308347
0.4520353656360243,0.0012742749857031334,0.7131346502308347
0.4520353656360243,0.001623776739188721,0.7131346502308347
0.4520353656360243,0.00206913808111479,0.7131346502308347
0.4520353656360243,0.0026366508987303583,0.7131346502308347
0.4520353656360243,0.003359818286283781,0.7131346502308347
0.4520353656360243,0.004281332398719396,0.7131346502308347
0.4520353656360243,0.00545559478116852,0.7131346502308347
0.4520353656360243,0.0069519279617756054,0.7131346502308347
0.4520353656360243,0.008858667904100823,0.7131346502308347
0.4520353656360243,0.011288378916846888,0.7131346502308347
0.4520353656360243,0.01438449888287663,0.7131346502308347
0.4520353656360243,0.018329807108324356,0.7131346502308347
0.4520353656360243,0.023357214690901212,0.7131346502308347
0.4520353656360243,0.029763514416313176,0.7131346502308347
0.4520353656360243,0.0379269019073225,0.7131346502308347
0.4520353656360243,0.04832930238571752,0.7131346502308347
0.4520353656360243,0.06158482110660261,0.7131346502308347
0.4520353656360243,0.07847599703514611,0.7131346502308347
0.4520353656360243,0.1,0.7131346502308347
0.5736152510448679,0.001,0.7139734034180707
0.5736152510448679,0.0012742749857031334,0.7139734034180707
0.5736152510448679,0.001623776739188721,0.7139734034180707
0.5736152510448679,0.00206913808111479,0.7139734034180707
0.5736152510448679,0.0026366508987303583,0.7139734034180707
0.5736152510448679,0.003359818286283781,0.7139734034180707
0.5736152510448679,0.004281332398719396,0.7139734034180707
0.5736152510448679,0.00545559478116852,0.7139734034180707
0.5736152510448679,0.0069519279617756054,0.7139734034180707
0.5736152510448679,0.008858667904100823,0.7139734034180707
0.5736152510448679,0.011288378916846888,0.7139734034180707
0.5736152510448679,0.01438449888287663,0.7139734034180707
0.5736152510448679,0.018329807108324356,0.7139734034180707
0.5736152510448679,0.023357214690901212,0.7139734034180707
0.5736152510448679,0.029763514416313176,0.7139734034180707
0.5736152510448679,0.0379269019073225,0.7139734034180707
0.5736152510448679,0.04832930238571752,0.7139734034180707
0.5736152510448679,0.06158482110660261,0.7139734034180707
0.5736152510448679,0.07847599703514611,0.7139734034180707
0.5736152510448679,0.1,0.7139734034180707
0.727895384398315,0.001,0.7150410927427144
0.727895384398315,0.0012742749857031334,0.7150410927427144
0.727895384398315,0.001623776739188721,0.7150410927427144
0.727895384398315,0.00206913808111479,0.7150410927427144
0.727895384398315,0.0026366508987303583,0.7150410927427144
0.727895384398315,0.003359818286283781,0.7150410927427144
0.727895384398315,0.004281332398719396,0.7150410927427144
0.727895384398315,0.00545559478116852,0.7150410927427144
0.727895384398315,0.0069519279617756054,0.7150410927427144
0.727895384398315,0.008858667904100823,0.7150410927427144
0.727895384398315,0.011288378916846888,0.7150410927427144
0.727895384398315,0.01438449888287663,0.7150410927427144
0.727895384398315,0.018329807108324356,0.7150410927427144
0.727895384398315,0.023357214690901212,0.7150410927427144
0.727895384398315,0.029763514416313176,0.7150410927427144
0.727895384398315,0.0379269019073225,0.7150410927427144
0.727895384398315,0.04832930238571752,0.7150410927427144
0.727895384398315,0.06158482110660261,0.7150410927427144
0.727895384398315,0.07847599703514611,0.7150410927427144
0.727895384398315,0.1,0.7150410927427144
0.9236708571873861,0.001,0.7164013504248837
0.9236708571873861,0.0012742749857031334,0.7164013504248837
0.9236708571873861,0.001623776739188721,0.7164013504248837
0.9236708571873861,0.00206913808111479,0.7164013504248837
0.9236708571873861,0.0026366508987303583,0.7164013504248837
0.9236708571873861,0.003359818286283781,0.7164013504248837
0.9236708571873861,0.004281332398719396,0.7164013504248837
0.9236708571873861,0.00545559478116852,0.7164013504248837
0.9236708571873861,0.0069519279617756054,0.7164013504248837
0.9236708571873861,0.008858667904100823,0.7164013504248837
0.9236708571873861,0.011288378916846888,0.7164013504248837
0.9236708571873861,0.01438449888287663,0.7164013504248837
0.9236708571873861,0.018329807108324356,0.7164013504248837
0.9236708571873861,0.023357214690901212,0.7164013504248837
0.9236708571873861,0.029763514416313176,0.7164013504248837
0.9236708571873861,0.0379269019073225,0.7164013504248837
0.9236708571873861,0.04832930238571752,0.7164013504248837
0.9236708571873861,0.06158482110660261,0.7164013504248837
0.9236708571873861,0.07847599703514611,0.7164013504248837
0.9236708571873861,0.1,0.7164013504248837
1.1721022975334805,0.001,0.7181361960750796
1.1721022975334805,0.0012742749857031334,0.7181361960750796
1.1721022975334805,0.001623776739188721,0.7181361960750796
1.1721022975334805,0.00206913808111479,0.7181361960750796
1.1721022975334805,0.0026366508987303583,0.7181361960750796
1.1721022975334805,0.003359818286283781,0.7181361960750796
1.1721022975334805,0.004281332398719396,0.7181361960750796
1.1721022975334805,0.00545559478116852,0.7181361960750796
1.1721022975334805,0.0069519279617756054,0.7181361960750796
1.1721022975334805,0.008858667904100823,0.7181361960750796
1.1721022975334805,0.011288378916846888,0.7181361960750796
1.1721022975334805,0.01438449888287663,0.7181361960750796
1.1721022975334805,0.018329807108324356,0.7181361960750796
1.1721022975334805,0.023357214690901212,0.7181361960750796
1.1721022975334805,0.029763514416313176,0.7181361960750796
1.1721022975334805,0.0379269019073225,0.7181361960750796
1.1721022975334805,0.04832930238571752,0.7181361960750796
1.1721022975334805,0.06158482110660261,0.7181361960750796
1.1721022975334805,0.07847599703514611,0.7181361960750796
1.1721022975334805,0.1,0.7181361960750796
1.4873521072935119,0.001,0.7203517771634506
1.4873521072935119,0.0012742749857031334,0.7203517771634506
1.4873521072935119,0.001623776739188721,0.7203517771634506
1.4873521072935119,0.00206913808111479,0.7203517771634506
1.4873521072935119,0.0026366508987303583,0.7203517771634506
1.4873521072935119,0.003359818286283781,0.7203517771634506
1.4873521072935119,0.004281332398719396,0.7203517771634506
1.4873521072935119,0.00545559478116852,0.7203517771634506
1.4873521072935119,0.0069519279617756054,0.7203517771634506
1.4873521072935119,0.008858667904100823,0.7203517771634506
1.4873521072935119,0.011288378916846888,0.7203517771634506
1.4873521072935119,0.01438449888287663,0.7203517771634506
1.4873521072935119,0.018329807108324356,0.7203517771634506
1.4873521072935119,0.023357214690901212,0.7203517771634506
1.4873521072935119,0.029763514416313176,0.7203517771634506
1.4873521072935119,0.0379269019073225,0.7203517771634506
1.4873521072935119,0.04832930238571752,0.7203517771634506
1.4873521072935119,0.06158482110660261,0.7203517771634506
1.4873521072935119,0.07847599703514611,0.7203517771634506
1.4873521072935119,0.1,0.7203517771634506
1.8873918221350976,0.001,0.7231861579232473
1.8873918221350976,0.0012742749857031334,0.7231861579232473
1.8873918221350976,0.001623776739188721,0.7231861579232473
1.8873918221350976,0.00206913808111479,0.7231861579232473
1.8873918221350976,0.0026366508987303583,0.7231861579232473
1.8873918221350976,0.003359818286283781,0.7231861579232473
1.8873918221350976,0.004281332398719396,0.7231861579232473
1.8873918221350976,0.00545559478116852,0.7231861579232473
1.8873918221350976,0.0069519279617756054,0.7231861579232473
1.8873918221350976,0.008858667904100823,0.7231861579232473
1.8873918221350976,0.011288378916846888,0.7231861579232473
1.8873918221350976,0.01438449888287663,0.7231861579232473
1.8873918221350976,0.018329807108324356,0.7231861579232473
1.8873918221350976,0.023357214690901212,0.7231861579232473
1.8873918221350976,0.029763514416313176,0.7231861579232473
1.8873918221350976,0.0379269019073225,0.7231861579232473
1.8873918221350976,0.04832930238571752,0.7231861579232473
1.8873918221350976,0.06158482110660261,0.7231861579232473
1.8873918221350976,0.07847599703514611,0.7231861579232473
1.8873918221350976,0.1,0.7231861579232473
2.395026619987486,0.001,0.7268200361500088
2.395026619987486,0.0012742749857031334,0.7268200361500088
2.395026619987486,0.001623776739188721,0.7268200361500088
2.395026619987486,0.00206913808111479,0.7268200361500088
2.395026619987486,0.0026366508987303583,0.7268200361500088
2.395026619987486,0.003359818286283781,0.7268200361500088
2.395026619987486,0.004281332398719396,0.7268200361500088
2.395026619987486,0.00545559478116852,0.7268200361500088
2.395026619987486,0.0069519279617756054,0.7268200361500088
2.395026619987486,0.008858667904100823,0.7268200361500088
2.395026619987486,0.011288378916846888,0.7268200361500088
2.395026619987486,0.01438449888287663,0.7268200361500088
2.395026619987486,0.018329807108324356,0.7268200361500088
2.395026619987486,0.023357214690901212,0.7268200361500088
2.395026619987486,0.029763514416313176,0.7268200361500088
2.395026619987486,0.0379269019073225,0.7268200361500088
2.395026619987486,0.04832930238571752,0.7268200361500088
2.395026619987486,0.06158482110660261,0.7268200361500088
2.395026619987486,0.07847599703514611,0.7268200361500088
2.395026619987486,0.1,0.7268200361500088
3.039195382313198,0.001,0.7314917267182252
3.039195382313198,0.0012742749857031334,0.7314917267182252
3.039195382313198,0.001623776739188721,0.7314917267182252
3.039195382313198,0.00206913808111479,0.7314917267182252
3.039195382313198,0.0026366508987303583,0.7314917267182252
3.039195382313198,0.003359818286283781,0.7314917267182252
3.039195382313198,0.004281332398719396,0.7314917267182252
3.039195382313198,0.00545559478116852,0.7314917267182252
3.039195382313198,0.0069519279617756054,0.7314917267182252
3.039195382313198,0.008858667904100823,0.7314917267182252
3.039195382313198,0.011288378916846888,0.7314917267182252
3.039195382313198,0.01438449888287663,0.7314917267182252
3.039195382313198,0.018329807108324356,0.7314917267182252
3.039195382313198,0.023357214690901212,0.7314917267182252
3.039195382313198,0.029763514416313176,0.7314917267182252
3.039195382313198,0.0379269019073225,0.7314917267182252
3.039195382313198,0.04832930238571752,0.7314917267182252
3.039195382313198,0.06158482110660261,0.7314917267182252
3.039195382313198,0.07847599703514611,0.7314917267182252
3.039195382313198,0.1,0.7314917267182252
3.856620421163472,0.001,0.73751849413265
3.856620421163472,0.0012742749857031334,0.73751849413265
3.856620421163472,0.001623776739188721,0.73751849413265
3.856620421163472,0.00206913808111479,0.73751849413265
3.856620421163472,0.0026366508987303583,0.73751849413265
3.856620421163472,0.003359818286283781,0.73751849413265
3.856620421163472,0.004281332398719396,0.73751849413265
3.856620421163472,0.00545559478116852,0.73751849413265
3.856620421163472,0.0069519279617756054,0.73751849413265
3.856620421163472,0.008858667904100823,0.73751849413265
3.856620421163472,0.011288378916846888,0.73751849413265
3.856620421163472,0.01438449888287663,0.73751849413265
3.856620421163472,0.018329807108324356,0.73751849413265
3.856620421163472,0.023357214690901212,0.73751849413265
3.856620421163472,0.029763514416313176,0.73751849413265
3.856620421163472,0.0379269019073225,0.73751849413265
3.856620421163472,0.04832930238571752,0.73751849413265
3.856620421163472,0.06158482110660261,0.73751849413265
3.856620421163472,0.07847599703514611,0.73751849413265
3.856620421163472,0.1,0.73751849413265
4.893900918477494,0.001,0.7453275463074176
4.893900918477494,0.0012742749857031334,0.7453275463074176
4.893900918477494,0.001623776739188721,0.7453275463074176
4.893900918477494,0.00206913808111479,0.7453275463074176
4.893900918477494,0.0026366508987303583,0.7453275463074176
4.893900918477494,0.003359818286283781,0.7453275463074176
4.893900918477494,0.004281332398719396,0.7453275463074176
4.893900918477494,0.00545559478116852,0.7453275463074176
4.893900918477494,0.0069519279617756054,0.7453275463074176
4.893900918477494,0.008858667904100823,0.7453275463074176
4.893900918477494,0.011288378916846888,0.7453275463074176
4.893900918477494,0.01438449888287663,0.7453275463074176
4.893900918477494,0.018329807108324356,0.7453275463074176
4.893900918477494,0.023357214690901212,0.7453275463074176
4.893900918477494,0.029763514416313176,0.7453275463074176
4.893900918477494,0.0379269019073225,0.7453275463074176
4.893900918477494,0.04832930238571752,0.7453275463074176
4.893900918477494,0.06158482110660261,0.7453275463074176
4.893900918477494,0.07847599703514611,0.7453275463074176
4.893900918477494,0.1,0.7453275463074176
6.2101694189156165,0.001,0.7555020841051138
6.2101694189156165,0.0012742749857031334,0.7555020841051138
6.2101694189156165,0.001623776739188721,0.7555020841051138
6.2101694189156165,0.00206913808111479,0.7555020841051138
6.2101694189156165,0.0026366508987303583,0.7555020841051138
6.2101694189156165,0.003359818286283781,0.7555020841051138
6.2101694189156165,0.004281332398719396,0.7555020841051138
6.2101694189156165,0.00545559478116852,0.7555020841051138
6.2101694189156165,0.0069519279617756054,0.7555020841051138
6.2101694189156165,0.008858667904100823,0.7555020841051138
6.2101694189156165,0.011288378916846888,0.7555020841051138
6.2101694189156165,0.01438449888287663,0.7555020841051138
6.2101694189156165,0.018329807108324356,0.7555020841051138
6.2101694189156165,0.023357214690901212,0.7555020841051138
6.2101694189156165,0.029763514416313176,0.7555020841051138
6.2101694189156165,0.0379269019073225,0.7555020841051138
6.2101694189156165,0.04832930238571752,0.7555020841051138
6.2101694189156165,0.06158482110660261,0.7555020841051138
6.2101694189156165,0.07847599703514611,0.7555020841051138
6.2101694189156165,0.1,0.7555020841051138
7.880462815669913,0.001,0.7688514170627031
7.880462815669913,0.0012742749857031334,0.7688514170627031
7.880462815669913,0.001623776739188721,0.7688514170627031
7.880462815669913,0.00206913808111479,0.7688514170627031
7.880462815669913,0.0026366508987303583,0.7688514170627031
7.880462815669913,0.003359818286283781,0.7688514170627031
7.880462815669913,0.004281332398719396,0.7688514170627031
7.880462815669913,0.00545559478116852,0.7688514170627031
7.880462815669913,0.0069519279617756054,0.7688514170627031
7.880462815669913,0.008858667904100823,0.7688514170627031
7.880462815669913,0.011288378916846888,0.7688514170627031
7.880462815669913,0.01438449888287663,0.7688514170627031
7.880462815669913,0.018329807108324356,0.7688514170627031
7.880462815669913,0.023357214690901212,0.7688514170627031
7.880462815669913,0.029763514416313176,0.7688514170627031
7.880462815669913,0.0379269019073225,0.7688514170627031
7.880462815669913,0.04832930238571752,0.7688514170627031
7.880462815669913,0.06158482110660261,0.7688514170627031
7.880462815669913,0.07847599703514611,0.7688514170627031
7.880462815669913,0.1,0.7688514170627031
10.0,0.001,0.7865206116619081
10.0,0.0012742749857031334,0.7865206116619081
10.0,0.001623776739188721,0.7865206116619081
10.0,0.00206913808111479,0.7865206116619081
10.0,0.0026366508987303583,0.7865206116619081
10.0,0.003359818286283781,0.7865206116619081
10.0,0.004281332398719396,0.7865206116619081
10.0,0.00545559478116852,0.7865206116619081
10.0,0.0069519279617756054,0.7865206116619081
10.0,0.008858667904100823,0.7865206116619081
10.0,0.011288378916846888,0.7865206116619081
10.0,0.01438449888287663,0.7865206116619081
10.0,0.018329807108324356,0.7865206116619081
10.0,0.023357214690901212,0.7865206116619081
10.0,0.029763514416313176,0.7865206116619081
10.0,0.0379269019073225,0.7865206116619081
10.0,0.04832930238571752,0.7865206116619081
10.0,0.06158482110660261,0.7865206116619081
10.0,0.07847599703514611,0.7865206116619081
10.0,0.1,0.7865206116619081
