lambda1,lambda2,g,m_S_GeV,kappa_stability,delta_kappa_over_kappa
0.01,0.01,0.001,1000,0.0,0.0
0.01,0.01,0.003,1000,0.0,0.0
0.01,0.03,0.001,1000,0.0,0.0
0.01,0.03,0.003,1000,0.0,0.0
0.01,0.1,0.001,1000,0.0,0.0
0.01,0.1,0.003,1000,0.0,0.0
0.01,0.1,0.01,1000,0.0,0.0
0.01,0.3,0.001,1000,0.0,0.0
0.01,0.3,0.003,1000,0.0,0.0
0.01,0.3,0.01,1000,0.0,0.0
0.01,1.0,0.001,1000,0.0,0.0
0.01,1.0,0.003,1000,0.0,0.0
0.01,1.0,0.01,1000,0.0,0.0
0.01,1.0,0.03,1000,0.0,0.0
0.03,0.01,0.001,1000,0.0,0.0
0.03,0.01,0.003,1000,0.0,0.0
0.03,0.03,0.001,1000,0.0,0.0
0.03,0.03,0.003,1000,0.0,0.0
0.03,0.1,0.001,1000,0.0,0.0
0.03,0.1,0.003,1000,0.0,0.0
0.03,0.1,0.01,1000,0.0,0.0
0.03,0.3,0.001,1000,0.0,0.0
0.03,0.3,0.003,1000,0.0,0.0
0.03,0.3,0.01,1000,0.0,0.0
0.03,0.3,0.03,1000,0.0,0.0
0.03,1.0,0.001,1000,0.0,0.0
0.03,1.0,0.003,1000,0.0,0.0
0.03,1.0,0.01,1000,0.0,0.0
0.03,1.0,0.03,1000,0.0,0.0
0.1,0.01,0.001,1000,0.0,0.0
0.1,0.01,0.003,1000,0.0,0.0
0.1,0.01,0.01,1000,0.0,0.0
0.1,0.03,0.001,1000,0.0,0.0
0.1,0.03,0.003,1000,0.0,0.0
0.1,0.03,0.01,1000,0.0,0.0
0.1,0.1,0.001,1000,0.0,0.0
0.1,0.1,0.003,1000,0.0,0.0
0.1,0.1,0.01,1000,0.0,0.0
0.1,0.1,0.03,1000,0.0,0.0
0.1,0.3,0.001,1000,0.0,0.0
0.1,0.3,0.003,1000,0.0,0.0
0.1,0.3,0.01,1000,0.0,0.0
0.1,0.3,0.03,1000,0.0,0.0
0.1,1.0,0.001,1000,0.0,0.0
0.1,1.0,0.003,1000,0.0,0.0
0.1,1.0,0.01,1000,0.0,0.0
0.1,1.0,0.03,1000,0.0,0.0
0.1,1.0,0.1,1000,0.0,0.0
0.3,0.01,0.001,1000,0.0,0.0
0.3,0.01,0.003,1000,0.0,0.0
0.3,0.01,0.01,1000,0.0,0.0
0.3,0.03,0.001,1000,0.0,0.0
0.3,0.03,0.003,1000,0.0,0.0
0.3,0.03,0.01,1000,0.0,0.0
0.3,0.03,0.03,1000,0.0,0.0
0.3,0.1,0.001,1000,0.0,0.0
0.3,0.1,0.003,1000,0.0,0.0
0.3,0.1,0.01,1000,0.0,0.0
0.3,0.1,0.03,1000,0.0,0.0
0.3,0.3,0.001,1000,0.0,0.0
0.3,0.3,0.003,1000,0.0,0.0
0.3,0.3,0.01,1000,0.0,0.0
0.3,0.3,0.03,1000,0.0,0.0
0.3,1.0,0.001,1000,0.0,0.0
0.3,1.0,0.003,1000,0.0,0.0
0.3,1.0,0.01,1000,0.0,0.0
0.3,1.0,0.03,1000,0.0,0.0
0.3,1.0,0.1,1000,0.0,0.0
1.0,0.01,0.001,1000,0.0,0.0
1.0,0.01,0.003,1000,0.0,0.0
1.0,0.01,0.01,1000,0.0,0.0
1.0,0.01,0.03,1000,0.0,0.0
1.0,0.03,0.001,1000,0.0,0.0
1.0,0.03,0.003,1000,0.0,0.0
1.0,0.03,0.01,1000,0.0,0.0
1.0,0.03,0.03,1000,0.0,0.0
1.0,0.1,0.001,1000,0.0,0.0
1.0,0.1,0.003,1000,0.0,0.0
1.0,0.1,0.01,1000,0.0,0.0
1.0,0.1,0.03,1000,0.0,0.0
1.0,0.1,0.1,1000,0.0,0.0
1.0,0.3,0.001,1000,0.0,0.0
1.0,0.3,0.003,1000,0.0,0.0
1.0,0.3,0.01,1000,0.0,0.0
1.0,0.3,0.03,1000,0.0,0.0
1.0,0.3,0.1,1000,0.0,0.0
1.0,1.0,0.001,1000,0.0,0.0
1.0,1.0,0.003,1000,0.0,0.0
1.0,1.0,0.01,1000,0.0,0.0
1.0,1.0,0.03,1000,0.0,0.0
1.0,1.0,0.1,1000,0.0,0.0
0.01,0.01,0.001,100,1.4581290441209945e-05,1.4581290441209945e-05
0.01,0.03,0.001,100,1.4581290441209945e-05,1.4581290441209945e-05
0.01,0.1,0.001,100,1.4581290441209945e-05,1.4581290441209945e-05
0.01,0.3,0.001,100,1.4581290441209945e-05,1.4581290441209945e-05
0.01,1.0,0.001,100,1.4581290441209945e-05,1.4581290441209945e-05
0.03,0.01,0.001,100,1.4581290441209945e-05,1.4581290441209945e-05
0.03,0.03,0.001,100,1.4581290441209945e-05,1.4581290441209945e-05
0.03,0.1,0.001,100,1.4581290441209945e-05,1.4581290441209945e-05
0.03,0.3,0.001,100,1.4581290441209945e-05,1.4581290441209945e-05
0.03,1.0,0.001,100,1.4581290441209945e-05,1.4581290441209945e-05
0.1,0.01,0.001,100,1.4581290441209945e-05,1.4581290441209945e-05
0.1,0.03,0.001,100,1.4581290441209945e-05,1.4581290441209945e-05
0.1,0.1,0.001,100,1.4581290441209945e-05,1.4581290441209945e-05
0.1,0.3,0.001,100,1.4581290441209945e-05,1.4581290441209945e-05
0.1,1.0,0.001,100,1.4581290441209945e-05,1.4581290441209945e-05
0.3,0.01,0.001,100,1.4581290441209945e-05,1.4581290441209945e-05
0.3,0.03,0.001,100,1.4581290441209945e-05,1.4581290441209945e-05
0.3,0.1,0.001,100,1.4581290441209945e-05,1.4581290441209945e-05
0.3,0.3,0.001,100,1.4581290441209945e-05,1.4581290441209945e-05
0.3,1.0,0.001,100,1.4581290441209945e-05,1.4581290441209945e-05
1.0,0.01,0.001,100,1.4581290441209945e-05,1.4581290441209945e-05
1.0,0.03,0.001,100,1.4581290441209945e-05,1.4581290441209945e-05
1.0,0.1,0.001,100,1.4581290441209945e-05,1.4581290441209945e-05
1.0,0.3,0.001,100,1.4581290441209945e-05,1.4581290441209945e-05
1.0,1.0,0.001,100,1.4581290441209945e-05,1.4581290441209945e-05
0.01,0.01,0.001,10,2.916258088241989e-05,2.916258088241989e-05
0.01,0.03,0.001,10,2.916258088241989e-05,2.916258088241989e-05
0.01,0.1,0.001,10,2.916258088241989e-05,2.916258088241989e-05
0.01,0.3,0.001,10,2.916258088241989e-05,2.916258088241989e-05
0.01,1.0,0.001,10,2.916258088241989e-05,2.916258088241989e-05
0.03,0.01,0.001,10,2.916258088241989e-05,2.916258088241989e-05
0.03,0.03,0.001,10,2.916258088241989e-05,2.916258088241989e-05
0.03,0.1,0.001,10,2.916258088241989e-05,2.916258088241989e-05
0.03,0.3,0.001,10,2.916258088241989e-05,2.916258088241989e-05
0.03,1.0,0.001,10,2.916258088241989e-05,2.916258088241989e-05
0.1,0.01,0.001,10,2.916258088241989e-05,2.916258088241989e-05
0.1,0.03,0.001,10,2.916258088241989e-05,2.916258088241989e-05
0.1,0.1,0.001,10,2.916258088241989e-05,2.916258088241989e-05
0.1,0.3,0.001,10,2.916258088241989e-05,2.916258088241989e-05
0.1,1.0,0.001,10,2.916258088241989e-05,2.916258088241989e-05
0.3,0.01,0.001,10,2.916258088241989e-05,2.916258088241989e-05
0.3,0.03,0.001,10,2.916258088241989e-05,2.916258088241989e-05
0.3,0.1,0.001,10,2.916258088241989e-05,2.916258088241989e-05
0.3,0.3,0.001,10,2.916258088241989e-05,2.916258088241989e-05
0.3,1.0,0.001,10,2.916258088241989e-05,2.916258088241989e-05
1.0,0.01,0.001,10,2.916258088241989e-05,2.916258088241989e-05
1.0,0.03,0.001,10,2.916258088241989e-05,2.916258088241989e-05
1.0,0.1,0.001,10,2.916258088241989e-05,2.916258088241989e-05
1.0,0.3,0.001,10,2.916258088241989e-05,2.916258088241989e-05
1.0,1.0,0.001,10,2.916258088241989e-05,2.916258088241989e-05
0.01,0.01,0.001,1,4.374387132362983e-05,4.374387132362983e-05
0.01,0.01,0.003,100,4.374387132362983e-05,4.374387132362983e-05
0.01,0.03,0.001,1,4.374387132362983e-05,4.374387132362983e-05
0.01,0.03,0.003,100,4.374387132362983e-05,4.374387132362983e-05
0.01,0.1,0.001,1,4.374387132362983e-05,4.374387132362983e-05
0.01,0.1,0.003,100,4.374387132362983e-05,4.374387132362983e-05
0.01,0.3,0.001,1,4.374387132362983e-05,4.374387132362983e-05
0.01,0.3,0.003,100,4.374387132362983e-05,4.374387132362983e-05
0.01,1.0,0.001,1,4.374387132362983e-05,4.374387132362983e-05
0.01,1.0,0.003,100,4.374387132362983e-05,4.374387132362983e-05
0.03,0.01,0.001,1,4.374387132362983e-05,4.374387132362983e-05
0.03,0.01,0.003,100,4.374387132362983e-05,4.374387132362983e-05
0.03,0.03,0.001,1,4.374387132362983e-05,4.374387132362983e-05
0.03,0.03,0.003,100,4.374387132362983e-05,4.374387132362983e-05
0.03,0.1,0.001,1,4.374387132362983e-05,4.374387132362983e-05
0.03,0.1,0.003,100,4.374387132362983e-05,4.374387132362983e-05
0.03,0.3,0.001,1,4.374387132362983e-05,4.374387132362983e-05
0.03,0.3,0.003,100,4.374387132362983e-05,4.374387132362983e-05
0.03,1.0,0.001,1,4.374387132362983e-05,4.374387132362983e-05
0.03,1.0,0.003,100,4.374387132362983e-05,4.374387132362983e-05
0.1,0.01,0.001,1,4.374387132362983e-05,4.374387132362983e-05
0.1,0.01,0.003,100,4.374387132362983e-05,4.374387132362983e-05
0.1,0.03,0.001,1,4.374387132362983e-05,4.374387132362983e-05
0.1,0.03,0.003,100,4.374387132362983e-05,4.374387132362983e-05
0.1,0.1,0.001,1,4.374387132362983e-05,4.374387132362983e-05
0.1,0.1,0.003,100,4.374387132362983e-05,4.374387132362983e-05
0.1,0.3,0.001,1,4.374387132362983e-05,4.374387132362983e-05
0.1,0.3,0.003,100,4.374387132362983e-05,4.374387132362983e-05
0.1,1.0,0.001,1,4.374387132362983e-05,4.374387132362983e-05
0.1,1.0,0.003,100,4.374387132362983e-05,4.374387132362983e-05
0.3,0.01,0.001,1,4.374387132362983e-05,4.374387132362983e-05
0.3,0.01,0.003,100,4.374387132362983e-05,4.374387132362983e-05
0.3,0.03,0.001,1,4.374387132362983e-05,4.374387132362983e-05
0.3,0.03,0.003,100,4.374387132362983e-05,4.374387132362983e-05
0.3,0.1,0.001,1,4.374387132362983e-05,4.374387132362983e-05
0.3,0.1,0.003,100,4.374387132362983e-05,4.374387132362983e-05
0.3,0.3,0.001,1,4.374387132362983e-05,4.374387132362983e-05
0.3,0.3,0.003,100,4.374387132362983e-05,4.374387132362983e-05
0.3,1.0,0.001,1,4.374387132362983e-05,4.374387132362983e-05
0.3,1.0,0.003,100,4.374387132362983e-05,4.374387132362983e-05
1.0,0.01,0.001,1,4.374387132362983e-05,4.374387132362983e-05
1.0,0.01,0.003,100,4.374387132362983e-05,4.374387132362983e-05
1.0,0.03,0.001,1,4.374387132362983e-05,4.374387132362983e-05
1.0,0.03,0.003,100,4.374387132362983e-05,4.374387132362983e-05
1.0,0.1,0.001,1,4.374387132362983e-05,4.374387132362983e-05
1.0,0.1,0.003,100,4.374387132362983e-05,4.374387132362983e-05
1.0,0.3,0.001,1,4.374387132362983e-05,4.374387132362983e-05
1.0,0.3,0.003,100,4.374387132362983e-05,4.374387132362983e-05
1.0,1.0,0.001,1,4.374387132362983e-05,4.374387132362983e-05
1.0,1.0,0.003,100,4.374387132362983e-05,4.374387132362983e-05
0.01,0.01,0.003,10,8.748774264725966e-05,8.748774264725966e-05
0.01,0.03,0.003,10,8.748774264725966e-05,8.748774264725966e-05
0.01,0.1,0.003,10,8.748774264725966e-05,8.748774264725966e-05
0.01,0.3,0.003,10,8.748774264725966e-05,8.748774264725966e-05
0.01,1.0,0.003,10,8.748774264725966e-05,8.748774264725966e-05
0.03,0.01,0.003,10,8.748774264725966e-05,8.748774264725966e-05
0.03,0.03,0.003,10,8.748774264725966e-05,8.748774264725966e-05
0.03,0.1,0.003,10,8.748774264725966e-05,8.748774264725966e-05
0.03,0.3,0.003,10,8.748774264725966e-05,8.748774264725966e-05
0.03,1.0,0.003,10,8.748774264725966e-05,8.748774264725966e-05
0.1,0.01,0.003,10,8.748774264725966e-05,8.748774264725966e-05
0.1,0.03,0.003,10,8.748774264725966e-05,8.748774264725966e-05
0.1,0.1,0.003,10,8.748774264725966e-05,8.748774264725966e-05
0.1,0.3,0.003,10,8.748774264725966e-05,8.748774264725966e-05
0.1,1.0,0.003,10,8.748774264725966e-05,8.748774264725966e-05
0.3,0.01,0.003,10,8.748774264725966e-05,8.748774264725966e-05
0.3,0.03,0.003,10,8.748774264725966e-05,8.748774264725966e-05
0.3,0.1,0.003,10,8.748774264725966e-05,8.748774264725966e-05
0.3,0.3,0.003,10,8.748774264725966e-05,8.748774264725966e-05
0.3,1.0,0.003,10,8.748774264725966e-05,8.748774264725966e-05
1.0,0.01,0.003,10,8.748774264725966e-05,8.748774264725966e-05
1.0,0.03,0.003,10,8.748774264725966e-05,8.748774264725966e-05
1.0,0.1,0.003,10,8.748774264725966e-05,8.748774264725966e-05
1.0,0.3,0.003,10,8.748774264725966e-05,8.748774264725966e-05
1.0,1.0,0.003,10,8.748774264725966e-05,8.748774264725966e-05
0.01,0.01,0.003,1,0.0001312316139708895,0.0001312316139708895
0.01,0.03,0.003,1,0.0001312316139708895,0.0001312316139708895
0.01,0.1,0.003,1,0.0001312316139708895,0.0001312316139708895
0.01,0.3,0.003,1,0.0001312316139708895,0.0001312316139708895
0.01,1.0,0.003,1,0.0001312316139708895,0.0001312316139708895
0.03,0.01,0.003,1,0.0001312316139708895,0.0001312316139708895
0.03,0.03,0.003,1,0.0001312316139708895,0.0001312316139708895
0.03,0.1,0.003,1,0.0001312316139708895,0.0001312316139708895
0.03,0.3,0.003,1,0.0001312316139708895,0.0001312316139708895
0.03,1.0,0.003,1,0.0001312316139708895,0.0001312316139708895
0.1,0.01,0.003,1,0.0001312316139708895,0.0001312316139708895
0.1,0.03,0.003,1,0.0001312316139708895,0.0001312316139708895
0.1,0.1,0.003,1,0.0001312316139708895,0.0001312316139708895
0.1,0.3,0.003,1,0.0001312316139708895,0.0001312316139708895
0.1,1.0,0.003,1,0.0001312316139708895,0.0001312316139708895
0.3,0.01,0.003,1,0.0001312316139708895,0.0001312316139708895
0.3,0.03,0.003,1,0.0001312316139708895,0.0001312316139708895
0.3,0.1,0.003,1,0.0001312316139708895,0.0001312316139708895
0.3,0.3,0.003,1,0.0001312316139708895,0.0001312316139708895
0.3,1.0,0.003,1,0.0001312316139708895,0.0001312316139708895
1.0,0.01,0.003,1,0.0001312316139708895,0.0001312316139708895
1.0,0.03,0.003,1,0.0001312316139708895,0.0001312316139708895
1.0,0.1,0.003,1,0.0001312316139708895,0.0001312316139708895
1.0,0.3,0.003,1,0.0001312316139708895,0.0001312316139708895
1.0,1.0,0.003,1,0.0001312316139708895,0.0001312316139708895
0.01,0.1,0.01,100,0.00014581290441209943,0.00014581290441209943
0.01,0.3,0.01,100,0.00014581290441209943,0.00014581290441209943
0.01,1.0,0.01,100,0.00014581290441209943,0.00014581290441209943
0.03,0.1,0.01,100,0.00014581290441209943,0.00014581290441209943
0.03,0.3,0.01,100,0.00014581290441209943,0.00014581290441209943
0.03,1.0,0.01,100,0.00014581290441209943,0.00014581290441209943
0.1,0.01,0.01,100,0.00014581290441209943,0.00014581290441209943
0.1,0.03,0.01,100,0.00014581290441209943,0.00014581290441209943
0.1,0.1,0.01,100,0.00014581290441209943,0.00014581290441209943
0.1,0.3,0.01,100,0.00014581290441209943,0.00014581290441209943
0.1,1.0,0.01,100,0.00014581290441209943,0.00014581290441209943
0.3,0.01,0.01,100,0.00014581290441209943,0.00014581290441209943
0.3,0.03,0.01,100,0.00014581290441209943,0.00014581290441209943
0.3,0.1,0.01,100,0.00014581290441209943,0.00014581290441209943
0.3,0.3,0.01,100,0.00014581290441209943,0.00014581290441209943
0.3,1.0,0.01,100,0.00014581290441209943,0.00014581290441209943
1.0,0.01,0.01,100,0.00014581290441209943,0.00014581290441209943
1.0,0.03,0.01,100,0.00014581290441209943,0.00014581290441209943
1.0,0.1,0.01,100,0.00014581290441209943,0.00014581290441209943
1.0,0.3,0.01,100,0.00014581290441209943,0.00014581290441209943
1.0,1.0,0.01,100,0.00014581290441209943,0.00014581290441209943
0.01,0.1,0.01,10,0.00029162580882419886,0.00029162580882419886
0.01,0.3,0.01,10,0.00029162580882419886,0.00029162580882419886
0.01,1.0,0.01,10,0.00029162580882419886,0.00029162580882419886
0.03,0.1,0.01,10,0.00029162580882419886,0.00029162580882419886
0.03,0.3,0.01,10,0.00029162580882419886,0.00029162580882419886
0.03,1.0,0.01,10,0.00029162580882419886,0.00029162580882419886
0.1,0.01,0.01,10,0.00029162580882419886,0.00029162580882419886
0.1,0.03,0.01,10,0.00029162580882419886,0.00029162580882419886
0.1,0.1,0.01,10,0.00029162580882419886,0.00029162580882419886
0.1,0.3,0.01,10,0.00029162580882419886,0.00029162580882419886
0.1,1.0,0.01,10,0.00029162580882419886,0.00029162580882419886
0.3,0.01,0.01,10,0.00029162580882419886,0.00029162580882419886
0.3,0.03,0.01,10,0.00029162580882419886,0.00029162580882419886
0.3,0.1,0.01,10,0.00029162580882419886,0.00029162580882419886
0.3,0.3,0.01,10,0.00029162580882419886,0.00029162580882419886
0.3,1.0,0.01,10,0.00029162580882419886,0.00029162580882419886
1.0,0.01,0.01,10,0.00029162580882419886,0.00029162580882419886
1.0,0.03,0.01,10,0.00029162580882419886,0.00029162580882419886
1.0,0.1,0.01,10,0.00029162580882419886,0.00029162580882419886
1.0,0.3,0.01,10,0.00029162580882419886,0.00029162580882419886
1.0,1.0,0.01,10,0.00029162580882419886,0.00029162580882419886
0.01,0.1,0.01,1,0.0004374387132362983,0.0004374387132362983
0.01,0.3,0.01,1,0.0004374387132362983,0.0004374387132362983
0.01,1.0,0.01,1,0.0004374387132362983,0.0004374387132362983
0.01,1.0,0.03,100,0.0004374387132362983,0.0004374387132362983
0.03,0.1,0.01,1,0.0004374387132362983,0.0004374387132362983
0.03,0.3,0.01,1,0.0004374387132362983,0.0004374387132362983
0.03,0.3,0.03,100,0.0004374387132362983,0.0004374387132362983
0.03,1.0,0.01,1,0.0004374387132362983,0.0004374387132362983
0.03,1.0,0.03,100,0.0004374387132362983,0.0004374387132362983
0.1,0.01,0.01,1,0.0004374387132362983,0.0004374387132362983
0.1,0.03,0.01,1,0.0004374387132362983,0.0004374387132362983
0.1,0.1,0.01,1,0.0004374387132362983,0.0004374387132362983
0.1,0.1,0.03,100,0.0004374387132362983,0.0004374387132362983
0.1,0.3,0.01,1,0.0004374387132362983,0.0004374387132362983
0.1,0.3,0.03,100,0.0004374387132362983,0.0004374387132362983
0.1,1.0,0.01,1,0.0004374387132362983,0.0004374387132362983
0.1,1.0,0.03,100,0.0004374387132362983,0.0004374387132362983
0.3,0.01,0.01,1,0.0004374387132362983,0.0004374387132362983
0.3,0.03,0.01,1,0.0004374387132362983,0.0004374387132362983
0.3,0.03,0.03,100,0.0004374387132362983,0.0004374387132362983
0.3,0.1,0.01,1,0.0004374387132362983,0.0004374387132362983
0.3,0.1,0.03,100,0.0004374387132362983,0.0004374387132362983
0.3,0.3,0.01,1,0.0004374387132362983,0.0004374387132362983
0.3,0.3,0.03,100,0.0004374387132362983,0.0004374387132362983
0.3,1.0,0.01,1,0.0004374387132362983,0.0004374387132362983
0.3,1.0,0.03,100,0.0004374387132362983,0.0004374387132362983
1.0,0.01,0.01,1,0.0004374387132362983,0.0004374387132362983
1.0,0.01,0.03,100,0.0004374387132362983,0.0004374387132362983
1.0,0.03,0.01,1,0.0004374387132362983,0.0004374387132362983
1.0,0.03,0.03,100,0.0004374387132362983,0.0004374387132362983
1.0,0.1,0.01,1,0.0004374387132362983,0.0004374387132362983
1.0,0.1,0.03,100,0.0004374387132362983,0.0004374387132362983
1.0,0.3,0.01,1,0.0004374387132362983,0.0004374387132362983
1.0,0.3,0.03,100,0.0004374387132362983,0.0004374387132362983
1.0,1.0,0.01,1,0.0004374387132362983,0.0004374387132362983
1.0,1.0,0.03,100,0.0004374387132362983,0.0004374387132362983
0.01,1.0,0.03,10,0.0008748774264725966,0.0008748774264725966
0.03,0.3,0.03,10,0.0008748774264725966,0.0008748774264725966
0.03,1.0,0.03,10,0.0008748774264725966,0.0008748774264725966
0.1,0.1,0.03,10,0.0008748774264725966,0.0008748774264725966
0.1,0.3,0.03,10,0.0008748774264725966,0.0008748774264725966
0.1,1.0,0.03,10,0.0008748774264725966,0.0008748774264725966
0.3,0.03,0.03,10,0.0008748774264725966,0.0008748774264725966
0.3,0.1,0.03,10,0.0008748774264725966,0.0008748774264725966
0.3,0.3,0.03,10,0.0008748774264725966,0.0008748774264725966
0.3,1.0,0.03,10,0.0008748774264725966,0.0008748774264725966
1.0,0.01,0.03,10,0.0008748774264725966,0.0008748774264725966
1.0,0.03,0.03,10,0.0008748774264725966,0.0008748774264725966
1.0,0.1,0.03,10,0.0008748774264725966,0.0008748774264725966
1.0,0.3,0.03,10,0.0008748774264725966,0.0008748774264725966
1.0,1.0,0.03,10,0.0008748774264725966,0.0008748774264725966
0.01,1.0,0.03,1,0.0013123161397088948,0.0013123161397088948
0.03,0.3,0.03,1,0.0013123161397088948,0.0013123161397088948
0.03,1.0,0.03,1,0.0013123161397088948,0.0013123161397088948
0.1,0.1,0.03,1,0.0013123161397088948,0.0013123161397088948
0.1,0.3,0.03,1,0.0013123161397088948,0.0013123161397088948
0.1,1.0,0.03,1,0.0013123161397088948,0.0013123161397088948
0.3,0.03,0.03,1,0.0013123161397088948,0.0013123161397088948
0.3,0.1,0.03,1,0.0013123161397088948,0.0013123161397088948
0.3,0.3,0.03,1,0.0013123161397088948,0.0013123161397088948
0.3,1.0,0.03,1,0.0013123161397088948,0.0013123161397088948
1.0,0.01,0.03,1,0.0013123161397088948,0.0013123161397088948
1.0,0.03,0.03,1,0.0013123161397088948,0.0013123161397088948
1.0,0.1,0.03,1,0.0013123161397088948,0.0013123161397088948
1.0,0.3,0.03,1,0.0013123161397088948,0.0013123161397088948
1.0,1.0,0.03,1,0.0013123161397088948,0.0013123161397088948
0.1,1.0,0.1,100,0.0014581290441209945,0.0014581290441209945
0.3,1.0,0.1,100,0.0014581290441209945,0.0014581290441209945
1.0,0.1,0.1,100,0.0014581290441209945,0.0014581290441209945
1.0,0.3,0.1,100,0.0014581290441209945,0.0014581290441209945
1.0,1.0,0.1,100,0.0014581290441209945,0.0014581290441209945
0.1,1.0,0.1,10,0.002916258088241989,0.002916258088241989
0.3,1.0,0.1,10,0.002916258088241989,0.002916258088241989
1.0,0.1,0.1,10,0.002916258088241989,0.002916258088241989
1.0,0.3,0.1,10,0.002916258088241989,0.002916258088241989
1.0,1.0,0.1,10,0.002916258088241989,0.002916258088241989
0.1,1.0,0.1,1,0.004374387132362983,0.004374387132362983
0.3,1.0,0.1,1,0.004374387132362983,0.004374387132362983
1.0,0.1,0.1,1,0.004374387132362983,0.004374387132362983
1.0,0.3,0.1,1,0.004374387132362983,0.004374387132362983
1.0,1.0,0.1,1,0.004374387132362983,0.004374387132362983
